id,name,age,driver,rego
1,Ludvig Ghost,82,False,ELN-09R
2,Shaughn Blackesland,53,True,GXA-XWQ
3,Bella Scothorn,52,True,B52-YAC
4,Nani Eivers,42,False,ZDF-9JW
5,Katy Kik,58,False,C8E-I3K
6,Silvana Plewright,33,True,QO3-ZFY
7,Tynan Renard,80,True,J97-X43
8,Bertha Boaler,13,True,2NV-C6J
9,De witt Eggins,53,False,FKL-I29
10,Rosanne Beggs,7,True,XH1-XBO
11,Kirstyn Pavlovic,90,True,FKL-I29
12,Durand Eberlein,62,False,8EQ-BJE
13,Jesse Lees,60,False,J97-X43
14,Shadow Ryding,75,False,YPN-Q7Q
15,Royce Fittis,20,False,QUY-FTK
16,Marga Robers,87,True,Z3B-GYJ
17,Rayshell Margerison,90,False,9H2-OZE
18,Guinna Dowbiggin,9,True,MMT-QA5
19,Millisent Dallemore,83,True,B52-YAC
20,Mina Gages,39,True,LJG-1QD
21,Thibaut Steane,3,False,XXD-GFL
22,Tulley Pozzi,25,True,JLG-ORI
23,Richardo Aimeric,81,False,ELN-09R
24,Flinn Finlan,64,False,HLW-Z5O
25,Marieann Tallet,28,False,PEJ-BQZ
26,Esdras Alvares,29,False,WAX-AMN
27,Nissy Piatkow,86,False,S2M-GHA
28,Wolfie Strass,76,True,Y38-MHR
29,Worthington McMeeking,72,False,BCK-CXR
30,Lizabeth Whitta,90,True,ROK-MNF
31,Petronia Gulberg,36,False,L6E-RSU
32,Caldwell Huitson,1,True,J03-QGR
33,Andre Gillbey,72,False,KON-X0F
34,Luce Rackley,56,False,10A-GWI
35,Basil Twomey,49,True,GL5-Z3Y
36,Rodger Beesey,24,False,5C5-MC1
37,Rosemaria Bruinemann,37,True,P89-OT8
38,Annabal McLleese,23,True,KON-X0F
39,Leo Eliyahu,23,False,W5U-S6Z
40,Eleanora Hartnell,26,True,NUH-AQH
41,Cedric Feldmesser,18,True,J03-QGR
42,Cathrine Palmar,84,True,683-1P3
43,Thorvald Merigon,12,False,FKL-I29
44,Alyssa Knapper,16,True,OWZ-YFH
45,Iago Retter,13,False,8FF-R5W
46,Jacquelyn Breeton,52,False,O6Y-M9D
47,Franni By,52,False,E6P-3OS
48,Berkley Kisting,60,False,4CC-C1S
49,Lela Cossar,27,False,JR2-QHX
50,Amii Beare,23,False,BJY-M6N
51,Mikol Godfroy,12,True,HY4-KPU
52,Sophi Dumigan,4,True,1WF-6YB
53,Gris Garahan,61,False,QUY-FTK
54,Sammy Sottell,60,True,10A-GWI
55,Rochelle Abramowitch,10,True,QO3-ZFY
56,Morley Meredith,85,False,SEQ-GA6
57,Damian Sancraft,34,True,JR2-QHX
58,Deanne Yearby,83,True,BT3-3IX
59,Nesta Hulls,13,False,GXA-XWQ
60,Hynda Camois,59,False,YPN-Q7Q
61,Free Bonsale,35,True,C8E-I3K
62,Tasha Kinglake,24,True,SEQ-GA6
63,Kathi Pond-Jones,75,False,CYT-H9W
64,Abbye Jellard,46,False,ROK-MNF
65,Kaleena Adamovicz,49,True,L6E-RSU
66,Melloney Wanek,45,True,ZDF-9JW
67,Elnore Teal,73,True,J97-X43
68,Beaufort Giacobo,33,True,MMT-QA5
69,Annabela Riddell,61,False,J97-X43
70,Miguela Kuhl,39,False,TS8-JOE
71,Mada Debow,50,False,L3P-M9W
72,Mohammed Mangeney,55,False,W5U-S6Z
73,Bondie Easseby,25,True,NPM-1R0
74,Agna Franses,29,False,2JN-RNX
75,Natty Lauret,44,True,NPM-1R0
76,Aubrey Winterburn,55,True,E7Y-ZQ3
77,Allsun Howden,28,False,C7M-29U
78,Minerva Simounet,66,True,STA-APL
79,Elliott Oller,58,False,ATX-Z59
80,Antonietta Mateescu,48,True,C8E-I3K
81,Eadith Della,48,True,59J-J0D
82,Ruthy Eul,35,True,M3H-WRP
83,Guenna Wandrich,10,True,59J-J0D
84,Yardley Silverson,30,True,L3P-M9W
85,Madelle Eisenberg,78,True,59J-J0D
86,Raff Hacker,39,False,W80-781
87,Field Lambourne,59,False,E0K-2SZ
88,Darill Lanigan,15,True,TS8-JOE
89,Suzanne Belt,16,False,EO5-08R
90,Samaria Collomosse,63,True,4CC-C1S
91,Joann Schustl,59,True,J8N-JE4
92,Alisander Whittlesee,85,True,J8N-JE4
93,Maren Winson,77,False,5C5-MC1
94,Betsey McGinly,78,False,EO5-08R
95,Marius Nix,9,False,W80-781
96,Krysta Possa,32,False,5RZ-GZO
97,Bernarr McCrackan,22,False,L3P-M9W
98,Ranna Baxandall,34,True,LPR-TRH
99,Lyndel Cuerdall,27,False,BHG-QYO
100,Rich Croal,86,True,S2M-GHA
101,Wat Cornelissen,1,True,NPM-1R0
102,Gilli Bowle,40,False,M29-CMW
103,Page Hinz,76,True,10A-GWI
104,Kata Seifert,2,False,WAX-AMN
105,Carolynn Turone,75,False,ELN-09R
106,Alvira Davydoch,72,False,BER-GN2
107,Giorgi Maccrie,90,True,JLG-ORI
108,Mead Sazio,63,False,M29-CMW
109,Salmon Widdison,46,True,8EQ-BJE
110,Dulciana Flintoft,57,True,QYM-BF7
111,Deena Iskov,37,True,9H2-OZE
112,Garrot Tredinnick,84,True,J8N-JE4
113,Martguerita Dalziell,62,False,HLW-Z5O
114,Corene Copp,69,False,5C5-MC1
115,Bernie Aggas,61,True,M25-KI4
116,Odella Indruch,45,False,6P1-JSY
117,Ric Deble,8,True,XH1-XBO
118,Trish Bevens,21,False,QUY-FTK
119,Claudian MacAscaidh,19,True,2JN-RNX
120,Laural Kovacs,73,True,YHQ-UWU
121,Eustace Witherspoon,30,True,W5U-S6Z
122,Flori Dow,19,False,S2M-GHA
123,Marylinda Bentall,55,False,M69-JDI
124,Shara Bracknell,46,True,HLW-Z5O
125,Daron Bax,4,False,59J-J0D
126,Bronnie Windeatt,56,False,2ZQ-UQ2
127,Olenka Elcom,90,True,S2M-GHA
128,Licha McCrudden,23,False,J11-2NP
129,Rock Gaffon,60,True,WAX-AMN
130,Tammie Dmitrovic,35,True,KON-X0F
131,Veradis Node,8,False,LJG-1QD
132,Susie Hugonet,20,False,SEQ-GA6
133,Flint Dyter,1,False,FIQ-V2Q
134,Belvia Maciejak,55,False,KGQ-360
135,Bennett Kampshell,42,False,B52-YAC
136,Kamila Belsey,16,True,ELN-09R
137,Kaycee De Biasi,51,False,QUY-FTK
138,Merill Gueste,13,False,JR2-QHX
139,Sybil Grimm,39,True,2NV-C6J
140,Colman De Gowe,44,False,J8N-JE4
141,Libbi Oiller,39,True,9H2-OZE
142,Addy Garrigan,84,True,1WF-6YB
143,Billy Limeburn,11,True,J03-QGR
144,Martha Tinsey,65,False,WAX-AMN
145,Roderigo Bodycomb,90,False,XH1-XBO
146,Avis Wrankling,39,False,2JN-RNX
147,Fleur Kerslake,8,True,BER-GN2
148,Evelyn Blewis,41,False,JLG-ORI
149,Aube Yurukhin,13,True,59J-J0D
150,Yank Gouldthorpe,74,True,L6E-RSU
151,Yolande Larchiere,77,False,8EQ-BJE
152,Tripp Van Bruggen,87,False,J97-X43
153,Doe Felton,59,False,21C-ED5
154,Merwin Greensmith,16,True,C7M-29U
155,Jerrold Baggs,65,True,XH1-XBO
156,Bennie Rogeon,39,False,E7Y-ZQ3
157,Flo Duckhouse,41,True,NUH-AQH
158,Jocelyne Garry,22,True,MMT-QA5
159,Belicia Goodridge,49,True,ZDF-9JW
160,Ethelbert Walster,40,True,E20-SYF
161,Vanny Jencey,28,True,011-WK6
162,Shae Liddle,28,False,BT3-3IX
163,Terrance Foyster,58,True,011-WK6
164,Maryann Winscum,66,False,GF1-FXQ
165,Clareta Scholes,10,False,MMB-D78
166,Jonell Culbard,55,False,XH1-XBO
167,Sondra Ramsell,9,True,21C-ED5
168,Emmaline Cadman,53,True,MMT-QA5
169,Giuditta Waberer,31,True,BCK-CXR
170,Tierney Rainsden,54,True,JR2-QHX
171,Nate Clacson,12,False,E7Y-ZQ3
172,Agnes Brisard,16,True,Q1X-ZIG
173,Rodney Plaskett,33,False,E0K-2SZ
174,Elsy Stile,61,False,4CC-C1S
175,Shem Sones,3,False,ZDF-9JW
176,Norrie Kneal,7,False,8FF-R5W
177,Pippy Rosita,26,True,S2M-GHA
178,Dulcy Masi,31,False,KON-X0F
179,Rabi Cremins,48,True,YHQ-UWU
180,Erena Garfirth,3,True,C8E-I3K
181,Ruprecht Quare,67,True,W80-781
182,Cale Heine,45,False,NUH-AQH
183,Nerti Deville,34,False,1WF-6YB
184,Janet Leynagh,19,False,G18-V6O
185,Paxton Beaudry,89,True,KGQ-360
186,Ervin Lawtie,86,True,L6E-RSU
187,Delphine Cowburn,55,False,EO5-08R
188,Pierrette Leathard,39,False,C7M-29U
189,Philippe Trenear,46,False,TS8-JOE
190,Norman Feldbaum,27,True,4OL-M66
191,Portie Bleeze,26,False,J97-X43
192,Svend Retchless,38,True,ZB4-XAC
193,Janeta Chipman,32,False,W80-781
194,Muriel McCambrois,42,False,LPR-TRH
195,Mark Govini,24,False,E7Y-ZQ3
196,Darrel Ioannidis,62,False,M3H-WRP
197,Rodd Wellington,86,True,9H2-OZE
198,Daisey Scramage,77,True,ZDF-9JW
199,Eddie Disney,22,True,OWZ-YFH
200,Winny Elmes,58,True,59J-J0D
201,Roseann Brumby,8,True,GXA-XWQ
202,Edwin Clow,29,False,GFG-A3P
203,Jehu Perrington,5,False,6P1-JSY
204,Freedman Sapson,51,True,9H2-OZE
205,Lani Meddings,9,False,QYM-BF7
206,Estrellita Erasmus,12,True,JLG-ORI
207,Isaiah Carswell,19,True,J8N-JE4
208,Kurt Shutler,19,True,QYM-BF7
209,Trisha Steagall,59,False,XXD-GFL
210,Alexis Bromell,39,True,683-1P3
211,Bartholomeo Humberstone,40,False,QO3-ZFY
212,Major Eager,76,False,BHG-QYO
213,Meridith Grundle,36,False,GXA-XWQ
214,Hadrian Clayton,46,False,O9H-5XQ
215,Avrit Patty,3,True,C7M-29U
216,Dom Catterick,19,False,2YM-HPE
217,Ashley Schlagman,71,True,W80-781
218,Barnie Slimm,82,True,J03-QGR
219,Pippy Maydwell,22,True,J97-X43
220,Beltran Moncaster,26,False,J11-2NP
221,Reinhold Drivers,12,True,MMT-QA5
222,Joann Lanaway,49,True,2YM-HPE
223,Keefe Brockett,40,True,2YM-HPE
224,Lynna Le Friec,76,False,M3H-WRP
225,Vanessa Commins,19,False,ZDF-9JW
226,Hadleigh Jeckell,8,True,G18-V6O
227,Robena Flasby,51,True,4OL-M66
228,Reube Mulvenna,50,False,M25-KI4
229,Karen Kissock,90,True,E20-SYF
230,Reece Kieran,67,False,MMT-QA5
231,Alexandro Dimmne,19,True,O9H-5XQ
232,Margareta Kauschke,4,True,FKL-I29
233,Katlin Tomasz,19,False,Q1X-ZIG
234,Ranique Braga,75,True,6P1-JSY
235,Dalis MacElharge,75,False,10A-GWI
236,Esta Moylane,29,False,HLW-Z5O
237,Christie Yurchenko,26,False,M25-KI4
238,Cosimo Wolsey,82,True,OWZ-YFH
239,Bent Capstake,26,False,8EQ-BJE
240,Georgie Ellaman,33,True,SEQ-GA6
241,Talya Muddicliffe,58,True,E7Y-ZQ3
242,Ezekiel Eccles,40,True,E6P-3OS
243,Hermy Carwardine,65,False,STA-APL
244,Mair Buxsey,83,False,G18-V6O
245,Dimitry Mogie,44,True,E7Y-ZQ3
246,Tracey Maidens,11,True,L6E-RSU
247,Theo Marchi,82,False,GFG-A3P
248,Petronia Jachimczak,75,False,E6P-3OS
249,Sonnnie Rous,70,True,XH1-XBO
250,Regen Marcome,38,False,6P1-JSY
251,Gilbertine Divina,45,False,2JN-RNX
252,Jaquelin Pink,28,True,XXD-GFL
253,Reyna Weddup,68,False,L3P-M9W
254,Arly Northgraves,68,False,9H2-OZE
255,Rey Wildt,42,False,KGQ-360
256,Guntar Verna,32,False,ZDF-9JW
257,Dew Buscher,10,True,ELN-09R
258,Patricia Pettit,43,False,639-QH8
259,Aleda Georgiev,19,True,J8N-JE4
260,Ramsey Tracy,61,False,4OL-M66
261,Aubrey Prydie,78,False,10A-GWI
262,Darbie Youthead,87,False,GXA-XWQ
263,Rhoda Gallico,58,True,2ZQ-UQ2
264,Holden Whitby,32,False,8FF-R5W
265,Wynn Biddwell,7,False,BCK-CXR
266,Hans Victory,84,False,0ZA-DUP
267,Bat Bowker,80,False,XXD-GFL
268,Olwen Plewright,78,True,XH1-XBO
269,Ilyssa Waison,63,True,V03-70R
270,Billye Santus,3,False,10A-GWI
271,Thom Stuckey,83,False,NPM-1R0
272,Winny Nawton,16,True,KON-X0F
273,Jorge Coldtart,49,True,MMT-QA5
274,Rowen Kirgan,43,False,0ZA-DUP
275,Gail Pensom,2,False,J97-X43
276,Chelsae Munkley,24,True,PHF-2FH
277,Doll Balcombe,51,False,4CC-C1S
278,Sydney Mapes,61,False,BJY-M6N
279,Buck Janway,62,False,HY4-KPU
280,Sherilyn Lumb,75,True,J11-2NP
281,Mill Zorener,40,True,PEJ-BQZ
282,Beale Towey,56,True,59J-J0D
283,Katrinka Platt,71,True,5RZ-GZO
284,Standford Hurll,18,False,YPN-Q7Q
285,Tallulah Lougheed,73,False,ZFG-CV5
286,Sibelle Coslitt,19,True,XH1-XBO
287,Nani Grogono,37,True,BER-GN2
288,Rice Scamerden,66,True,J8N-JE4
289,Josefa Saffe,77,False,HY4-KPU
290,Janelle Denys,23,False,XH1-XBO
291,Cart McClaurie,89,True,E6P-3OS
292,Lance Faulo,27,True,XXD-GFL
293,Fabien Hanniger,57,True,GF1-FXQ
294,Atalanta Lusher,61,False,O9H-5XQ
295,Fred Eglise,90,False,PHF-2FH
296,Barby Batterbee,17,True,ZFG-CV5
297,Toinette Gehring,87,True,C7M-29U
298,Elissa Conrard,38,False,ZDF-9JW
299,Merl Tremathack,81,False,5RZ-GZO
300,Bernadina Solomon,19,False,O9H-5XQ
301,Zondra Gilhouley,41,True,J03-QGR
302,Leland Aitchinson,68,True,BHG-QYO
303,Sybila Alliston,20,True,GF1-FXQ
304,Cassius Nuzzi,7,False,PEJ-BQZ
305,Mathian Flori,83,False,XH1-XBO
306,Alejandra Bignell,24,True,XXD-GFL
307,Trstram Sackes,71,False,PHF-2FH
308,Ellene Dorot,37,False,L6E-RSU
309,Ofelia MacGaughie,50,False,9PM-FM8
310,Maria Niblett,33,False,ZDF-9JW
311,Bernadene Ching,1,False,J8N-JE4
312,Rodrique Conybear,80,False,GL5-Z3Y
313,Brandtr Chudleigh,80,True,B52-YAC
314,Bengt Upcraft,17,True,OWZ-YFH
315,Raychel Birchenhead,18,False,GL5-Z3Y
316,Retha Harlowe,31,False,C7M-29U
317,Quintin Thackwray,52,True,4CC-C1S
318,Donnajean Cottingham,89,True,GW9-8QE
319,Vail Kilius,32,False,NPM-1R0
320,Mychal Barnfield,84,False,NPM-1R0
321,Daren Czajkowska,80,True,M25-KI4
322,Hyman Barehead,67,False,W5U-S6Z
323,Karole Gullen,13,True,BJY-M6N
324,Giovanna Owens,90,True,HLW-Z5O
325,Bjorn Spottswood,20,True,KGQ-360
326,Faustina Menilove,63,False,KGQ-360
327,Stephie Belly,62,True,O23-M3B
328,Noah Cuff,86,True,M69-JDI
329,Korella Kleinplatz,28,True,STA-APL
330,Giovanna Pues,32,True,CYT-H9W
331,Ruby Gobel,44,True,FKL-I29
332,Vanya Wordsley,49,False,GL5-Z3Y
333,Jillie Vear,8,False,PEJ-BQZ
334,Molli Hoyles,11,True,Y38-MHR
335,Gabie Blancowe,87,False,KON-X0F
336,Jacquenette Jakubiak,42,True,21C-ED5
337,Noni Ingraham,33,True,NUH-AQH
338,Grover Fussey,18,True,6P1-JSY
339,Bridget Tattersfield,10,True,011-WK6
340,Charmaine Pabst,8,False,2NV-C6J
341,Tobe Dahlen,65,False,011-WK6
342,Elisabetta Maud,90,False,6P1-JSY
343,Darelle Faulks,77,False,O9H-5XQ
344,Pieter Shillabeer,80,True,KGQ-360
345,Phil Burriss,13,False,C7M-29U
346,Tristan Illingworth,56,False,683-1P3
347,Mariam Radley,10,False,5C5-MC1
348,Kial Maes,46,False,Q1X-ZIG
349,Marne Pollicote,19,True,5C5-MC1
350,Dennet Whitley,70,False,M69-JDI
351,Manda Turbayne,32,False,J03-QGR
352,Micheline Devenport,58,False,ZDF-9JW
353,Sabra Shimman,74,False,59J-J0D
354,Fanya Sherborne,82,True,HLW-Z5O
355,Lane Shipsey,87,True,EO5-08R
356,Freemon Lamburne,45,False,ZB4-XAC
357,Bernita Norcliff,64,False,2NV-C6J
358,Christalle Martinat,69,True,0EN-5HT
359,Dylan Bradnum,21,True,W5U-S6Z
360,Monroe Hanhart,47,True,S2M-GHA
361,Jolee Ainscow,35,False,HY4-KPU
362,Tisha Lovick,47,False,LPR-TRH
363,Elsbeth Sommersett,22,False,0L3-8Y1
364,Ansley Daskiewicz,5,True,YHQ-UWU
365,Rayner Dyton,23,False,2ZQ-UQ2
366,Marys Akroyd,39,True,0EN-5HT
367,Orson O' Connell,48,False,XXD-GFL
368,Artair Willshee,60,True,BCK-CXR
369,Elita Aronovitz,73,True,L6E-RSU
370,Donny Walstow,21,True,2YM-HPE
371,Tommy Sidgwick,82,False,SEQ-GA6
372,Sander Lingner,29,True,KON-X0F
373,Sven Loach,71,False,NUH-AQH
374,Penrod Tarney,52,False,L6E-RSU
375,Ursula Greveson,16,True,YHQ-UWU
376,Lucius Myner,82,True,L3P-M9W
377,Brade Licence,75,True,QUY-FTK
378,Burl Domican,67,True,9PM-FM8
379,Linda Downes,65,False,NUH-AQH
380,Jenelle Beston,49,True,8FF-R5W
381,Wolfy Britney,35,False,MMT-QA5
382,Susan Folger,73,False,KON-X0F
383,Mara Bennitt,2,True,GXA-XWQ
384,Krystalle Mendes,58,False,KON-X0F
385,Clemens Simkovich,13,False,0L3-8Y1
386,Nona Boggers,59,False,Z3B-GYJ
387,Sibylla Ross,17,False,L6E-RSU
388,Hermine Reckhouse,10,False,ZFG-CV5
389,Jsandye Clashe,40,True,10A-GWI
390,Corrie Andrichak,58,True,Z3B-GYJ
391,Randi Paumier,89,False,YPN-Q7Q
392,Flori Angrove,70,False,4OL-M66
393,Kleon Livett,48,True,JLG-ORI
394,Aldis Gierke,64,False,BT3-3IX
395,Kathye Wollrauch,37,True,0ZA-DUP
396,Bryon Carnachen,57,True,0ZA-DUP
397,Pinchas McLleese,23,False,V03-70R
398,Ty Hallen,54,False,2JN-RNX
399,Julina Spaice,73,False,2ZQ-UQ2
400,Horacio Regardsoe,3,False,XXD-GFL
