id,name,age,driver
1,Ludvig Ghost,82,false
2,Shaughn Blackesland,53,true
3,Bella Scothorn,52,true
4,Nani Eivers,42,false
5,Katy Kik,58,false
6,Silvana Plewright,33,true
7,Tynan Renard,80,true
8,Bertha Boaler,13,true
9,De witt Eggins,53,false
10,Rosanne Beggs,7,true
11,Kirstyn Pavlovic,90,true
12,Durand Eberlein,62,false
13,Jesse Lees,60,false
14,Shadow Ryding,75,false
15,Royce Fittis,20,false
16,Marga Robers,87,true
17,Rayshell Margerison,90,false
18,Guinna Dowbiggin,9,true
19,Millisent Dallemore,83,true
20,Mina Gages,39,true
21,Thibaut Steane,3,false
22,Tulley Pozzi,25,true
23,Richardo Aimeric,81,false
24,Flinn Finlan,64,false
25,Marieann Tallet,28,false
26,Esdras Alvares,29,false
27,Nissy Piatkow,86,false
28,Wolfie Strass,76,true
29,Worthington McMeeking,72,false
30,Lizabeth Whitta,90,true
31,Petronia Gulberg,36,false
32,Caldwell Huitson,1,true
33,Andre Gillbey,72,false
34,Luce Rackley,56,false
35,Basil Twomey,49,true
36,Rodger Beesey,24,false
37,Rosemaria Bruinemann,37,true
38,Annabal McLleese,23,true
39,Leo Eliyahu,23,false
40,Eleanora Hartnell,26,true
41,Cedric Feldmesser,18,true
42,Cathrine Palmar,84,true
43,Thorvald Merigon,12,false
44,Alyssa Knapper,16,true
45,Iago Retter,13,false
46,Jacquelyn Breeton,52,false
47,Franni By,52,false
48,Berkley Kisting,60,false
49,Lela Cossar,27,false
50,Amii Beare,23,false
51,Mikol Godfroy,12,true
52,Sophi Dumigan,4,true
53,Gris Garahan,61,false
54,Sammy Sottell,60,true
55,Rochelle Abramowitch,10,true
56,Morley Meredith,85,false
57,Damian Sancraft,34,true
58,Deanne Yearby,83,true
59,Nesta Hulls,13,false
60,Hynda Camois,59,false
61,Free Bonsale,35,true
62,Tasha Kinglake,24,true
63,Kathi Pond-Jones,75,false
64,Abbye Jellard,46,false
65,Kaleena Adamovicz,49,true
66,Melloney Wanek,45,true
67,Elnore Teal,73,true
68,Beaufort Giacobo,33,true
69,Annabela Riddell,61,false
70,Miguela Kuhl,39,false
71,Mada Debow,50,false
72,Mohammed Mangeney,55,false
73,Bondie Easseby,25,true
74,Agna Franses,29,false
75,Natty Lauret,44,true
76,Aubrey Winterburn,55,true
77,Allsun Howden,28,false
78,Minerva Simounet,66,true
79,Elliott Oller,58,false
80,Antonietta Mateescu,48,true
81,Eadith Della,48,true
82,Ruthy Eul,35,true
83,Guenna Wandrich,10,true
84,Yardley Silverson,30,true
85,Madelle Eisenberg,78,true
86,Raff Hacker,39,false
87,Field Lambourne,59,false
88,Darill Lanigan,15,true
89,Suzanne Belt,16,false
90,Samaria Collomosse,63,true
91,Joann Schustl,59,true
92,Alisander Whittlesee,85,true
93,Maren Winson,77,false
94,Betsey McGinly,78,false
95,Marius Nix,9,false
96,Krysta Possa,32,false
97,Bernarr McCrackan,22,false
98,Ranna Baxandall,34,true
99,Lyndel Cuerdall,27,false
100,Rich Croal,86,true
101,Wat Cornelissen,1,true
102,Gilli Bowle,40,false
103,Page Hinz,76,true
104,Kata Seifert,2,false
105,Carolynn Turone,75,false
106,Alvira Davydoch,72,false
107,Giorgi Maccrie,90,true
108,Mead Sazio,63,false
109,Salmon Widdison,46,true
110,Dulciana Flintoft,57,true
111,Deena Iskov,37,true
112,Garrot Tredinnick,84,true
113,Martguerita Dalziell,62,false
114,Corene Copp,69,false
115,Bernie Aggas,61,true
116,Odella Indruch,45,false
117,Ric Deble,8,true
118,Trish Bevens,21,false
119,Claudian MacAscaidh,19,true
120,Laural Kovacs,73,true
121,Eustace Witherspoon,30,true
122,Flori Dow,19,false
123,Marylinda Bentall,55,false
124,Shara Bracknell,46,true
125,Daron Bax,4,false
126,Bronnie Windeatt,56,false
127,Olenka Elcom,90,true
128,Licha McCrudden,23,false
129,Rock Gaffon,60,true
130,Tammie Dmitrovic,35,true
131,Veradis Node,8,false
132,Susie Hugonet,20,false
133,Flint Dyter,1,false
134,Belvia Maciejak,55,false
135,Bennett Kampshell,42,false
136,Kamila Belsey,16,true
137,Kaycee De Biasi,51,false
138,Merill Gueste,13,false
139,Sybil Grimm,39,true
140,Colman De Gowe,44,false
141,Libbi Oiller,39,true
142,Addy Garrigan,84,true
143,Billy Limeburn,11,true
144,Martha Tinsey,65,false
145,Roderigo Bodycomb,90,false
146,Avis Wrankling,39,false
147,Fleur Kerslake,8,true
148,Evelyn Blewis,41,false
149,Aube Yurukhin,13,true
150,Yank Gouldthorpe,74,true
151,Yolande Larchiere,77,false
152,Tripp Van Bruggen,87,false
153,Doe Felton,59,false
154,Merwin Greensmith,16,true
155,Jerrold Baggs,65,true
156,Bennie Rogeon,39,false
157,Flo Duckhouse,41,true
158,Jocelyne Garry,22,true
159,Belicia Goodridge,49,true
160,Ethelbert Walster,40,true
161,Vanny Jencey,28,true
162,Shae Liddle,28,false
163,Terrance Foyster,58,true
164,Maryann Winscum,66,false
165,Clareta Scholes,10,false
166,Jonell Culbard,55,false
167,Sondra Ramsell,9,true
168,Emmaline Cadman,53,true
169,Giuditta Waberer,31,true
170,Tierney Rainsden,54,true
171,Nate Clacson,12,false
172,Agnes Brisard,16,true
173,Rodney Plaskett,33,false
174,Elsy Stile,61,false
175,Shem Sones,3,false
176,Norrie Kneal,7,false
177,Pippy Rosita,26,true
178,Dulcy Masi,31,false
179,Rabi Cremins,48,true
180,Erena Garfirth,3,true
181,Ruprecht Quare,67,true
182,Cale Heine,45,false
183,Nerti Deville,34,false
184,Janet Leynagh,19,false
185,Paxton Beaudry,89,true
186,Ervin Lawtie,86,true
187,Delphine Cowburn,55,false
188,Pierrette Leathard,39,false
189,Philippe Trenear,46,false
190,Norman Feldbaum,27,true
191,Portie Bleeze,26,false
192,Svend Retchless,38,true
193,Janeta Chipman,32,false
194,Muriel McCambrois,42,false
195,Mark Govini,24,false
196,Darrel Ioannidis,62,false
197,Rodd Wellington,86,true
198,Daisey Scramage,77,true
199,Eddie Disney,22,true
200,Winny Elmes,58,true
201,Roseann Brumby,8,true
202,Edwin Clow,29,false
203,Jehu Perrington,5,false
204,Freedman Sapson,51,true
205,Lani Meddings,9,false
206,Estrellita Erasmus,12,true
207,Isaiah Carswell,19,true
208,Kurt Shutler,19,true
209,Trisha Steagall,59,false
210,Alexis Bromell,39,true
211,Bartholomeo Humberstone,40,false
212,Major Eager,76,false
213,Meridith Grundle,36,false
214,Hadrian Clayton,46,false
215,Avrit Patty,3,true
216,Dom Catterick,19,false
217,Ashley Schlagman,71,true
218,Barnie Slimm,82,true
219,Pippy Maydwell,22,true
220,Beltran Moncaster,26,false
221,Reinhold Drivers,12,true
222,Joann Lanaway,49,true
223,Keefe Brockett,40,true
224,Lynna Le Friec,76,false
225,Vanessa Commins,19,false
226,Hadleigh Jeckell,8,true
227,Robena Flasby,51,true
228,Reube Mulvenna,50,false
229,Karen Kissock,90,true
230,Reece Kieran,67,false
231,Alexandro Dimmne,19,true
232,Margareta Kauschke,4,true
233,Katlin Tomasz,19,false
234,Ranique Braga,75,true
235,Dalis MacElharge,75,false
236,Esta Moylane,29,false
237,Christie Yurchenko,26,false
238,Cosimo Wolsey,82,true
239,Bent Capstake,26,false
240,Georgie Ellaman,33,true
241,Talya Muddicliffe,58,true
242,Ezekiel Eccles,40,true
243,Hermy Carwardine,65,false
244,Mair Buxsey,83,false
245,Dimitry Mogie,44,true
246,Tracey Maidens,11,true
247,Theo Marchi,82,false
248,Petronia Jachimczak,75,false
249,Sonnnie Rous,70,true
250,Regen Marcome,38,false
251,Gilbertine Divina,45,false
252,Jaquelin Pink,28,true
253,Reyna Weddup,68,false
254,Arly Northgraves,68,false
255,Rey Wildt,42,false
256,Guntar Verna,32,false
257,Dew Buscher,10,true
258,Patricia Pettit,43,false
259,Aleda Georgiev,19,true
260,Ramsey Tracy,61,false
261,Aubrey Prydie,78,false
262,Darbie Youthead,87,false
263,Rhoda Gallico,58,true
264,Holden Whitby,32,false
265,Wynn Biddwell,7,false
266,Hans Victory,84,false
267,Bat Bowker,80,false
268,Olwen Plewright,78,true
269,Ilyssa Waison,63,true
270,Billye Santus,3,false
271,Thom Stuckey,83,false
272,Winny Nawton,16,true
273,Jorge Coldtart,49,true
274,Rowen Kirgan,43,false
275,Gail Pensom,2,false
276,Chelsae Munkley,24,true
277,Doll Balcombe,51,false
278,Sydney Mapes,61,false
279,Buck Janway,62,false
280,Sherilyn Lumb,75,true
281,Mill Zorener,40,true
282,Beale Towey,56,true
283,Katrinka Platt,71,true
284,Standford Hurll,18,false
285,Tallulah Lougheed,73,false
286,Sibelle Coslitt,19,true
287,Nani Grogono,37,true
288,Rice Scamerden,66,true
289,Josefa Saffe,77,false
290,Janelle Denys,23,false
291,Cart McClaurie,89,true
292,Lance Faulo,27,true
293,Fabien Hanniger,57,true
294,Atalanta Lusher,61,false
295,Fred Eglise,90,false
296,Barby Batterbee,17,true
297,Toinette Gehring,87,true
298,Elissa Conrard,38,false
299,Merl Tremathack,81,false
300,Bernadina Solomon,19,false
301,Zondra Gilhouley,41,true
302,Leland Aitchinson,68,true
303,Sybila Alliston,20,true
304,Cassius Nuzzi,7,false
305,Mathian Flori,83,false
306,Alejandra Bignell,24,true
307,Trstram Sackes,71,false
308,Ellene Dorot,37,false
309,Ofelia MacGaughie,50,false
310,Maria Niblett,33,false
311,Bernadene Ching,1,false
312,Rodrique Conybear,80,false
313,Brandtr Chudleigh,80,true
314,Bengt Upcraft,17,true
315,Raychel Birchenhead,18,false
316,Retha Harlowe,31,false
317,Quintin Thackwray,52,true
318,Donnajean Cottingham,89,true
319,Vail Kilius,32,false
320,Mychal Barnfield,84,false
321,Daren Czajkowska,80,true
322,Hyman Barehead,67,false
323,Karole Gullen,13,true
324,Giovanna Owens,90,true
325,Bjorn Spottswood,20,true
326,Faustina Menilove,63,false
327,Stephie Belly,62,true
328,Noah Cuff,86,true
329,Korella Kleinplatz,28,true
330,Giovanna Pues,32,true
331,Ruby Gobel,44,true
332,Vanya Wordsley,49,false
333,Jillie Vear,8,false
334,Molli Hoyles,11,true
335,Gabie Blancowe,87,false
336,Jacquenette Jakubiak,42,true
337,Noni Ingraham,33,true
338,Grover Fussey,18,true
339,Bridget Tattersfield,10,true
340,Charmaine Pabst,8,false
341,Tobe Dahlen,65,false
342,Elisabetta Maud,90,false
343,Darelle Faulks,77,false
344,Pieter Shillabeer,80,true
345,Phil Burriss,13,false
346,Tristan Illingworth,56,false
347,Mariam Radley,10,false
348,Kial Maes,46,false
349,Marne Pollicote,19,true
350,Dennet Whitley,70,false
351,Manda Turbayne,32,false
352,Micheline Devenport,58,false
353,Sabra Shimman,74,false
354,Fanya Sherborne,82,true
355,Lane Shipsey,87,true
356,Freemon Lamburne,45,false
357,Bernita Norcliff,64,false
358,Christalle Martinat,69,true
359,Dylan Bradnum,21,true
360,Monroe Hanhart,47,true
361,Jolee Ainscow,35,false
362,Tisha Lovick,47,false
363,Elsbeth Sommersett,22,false
364,Ansley Daskiewicz,5,true
365,Rayner Dyton,23,false
366,Marys Akroyd,39,true
367,Orson O' Connell,48,false
368,Artair Willshee,60,true
369,Elita Aronovitz,73,true
370,Donny Walstow,21,true
371,Tommy Sidgwick,82,false
372,Sander Lingner,29,true
373,Sven Loach,71,false
374,Penrod Tarney,52,false
375,Ursula Greveson,16,true
376,Lucius Myner,82,true
377,Brade Licence,75,true
378,Burl Domican,67,true
379,Linda Downes,65,false
380,Jenelle Beston,49,true
381,Wolfy Britney,35,false
382,Susan Folger,73,false
383,Mara Bennitt,2,true
384,Krystalle Mendes,58,false
385,Clemens Simkovich,13,false
386,Nona Boggers,59,false
387,Sibylla Ross,17,false
388,Hermine Reckhouse,10,false
389,Jsandye Clashe,40,true
390,Corrie Andrichak,58,true
391,Randi Paumier,89,false
392,Flori Angrove,70,false
393,Kleon Livett,48,true
394,Aldis Gierke,64,false
395,Kathye Wollrauch,37,true
396,Bryon Carnachen,57,true
397,Pinchas McLleese,23,false
398,Ty Hallen,54,false
399,Julina Spaice,73,false
400,Horacio Regardsoe,3,false
